source_id,poe
"2",9.6618495e-02
"4",3.5823350e-03
"1",1.8672893e-04
"3",2.1106654e-06
