source_id,poe
"2",9.6430450e-02
"4",3.7775779e-03
"1",1.8610507e-04
"3",1.7318933e-05
