source_id,poe
"2",9.6171175e-02
"4",4.0856469e-03
"1",2.0060426e-04
"3",4.2702389e-05
