source_id,poe
"2",9.6409303e-02
"4",3.8500120e-03
"1",2.0157182e-04
"3",7.1644238e-06
